filename,width,height,class,xmin,ymin,xmax,ymax
0_7175.pdf.jpg,3306,4678,Invoice number,749,709,1025,775
0_7175.pdf.jpg,3306,4678,Buyer details,166,909,1493,1320
0_7175.pdf.jpg,3306,4678,Shipped details,1549,909,2511,1323
0_7175.pdf.jpg,3306,4678,Invoice table,142,1337,2759,3037
0_7175.pdf.jpg,3306,4678,Footer notes,235,3037,2039,3113
0_7175.pdf.jpg,3306,4678,Footer notes,201,3171,2321,3754
0_7175.pdf.jpg,3306,4678,Seller details,701,61,2635,427
0_7175.pdf.jpg,3306,4678,Invoice date,783,769,1060,824
0_7175.pdf.jpg,3306,4678,Invoice header,156,1333,2717,1438
0_7175.pdf.jpg,3306,4678,Invoice row,163,1451,2715,1556
0_7175.pdf.jpg,3306,4678,Invoice row,161,1551,2717,1664
0_7175.pdf.jpg,3306,4678,Invoice row,163,1662,2720,1731
0_7175.pdf.jpg,3306,4678,Invoice row,163,1733,2720,1810
0_7175.pdf.jpg,3306,4678,Invoice row,156,1810,2725,1862
0_7175.pdf.jpg,3306,4678,Invoice row,153,1862,2720,1913
0_7175.pdf.jpg,3306,4678,Invoice row,158,1936,2717,2018
0_7175.pdf.jpg,3306,4678,Invoice row,163,2918,2717,3015
0_7194.pdf.jpg,3306,4678,Seller details,669,52,2648,421
0_7194.pdf.jpg,3306,4678,Invoice number,761,715,1009,777
0_7194.pdf.jpg,3306,4678,Buyer details,163,908,1494,1321
0_7194.pdf.jpg,3306,4678,Shipped details,1553,913,2494,1318
0_7194.pdf.jpg,3306,4678,Invoice table,140,1326,2753,3036
0_7194.pdf.jpg,3306,4678,Footer notes,227,3041,1820,3108
0_7194.pdf.jpg,3306,4678,Footer notes,215,3182,2309,3736
0_7194.pdf.jpg,3306,4678,Invoice date,781,767,1073,828
0_7194.pdf.jpg,3306,4678,Invoice header,158,1338,2717,1438
0_7194.pdf.jpg,3306,4678,Invoice row,163,1456,2720,1559
0_7194.pdf.jpg,3306,4678,Invoice row,156,1556,2722,1615
0_7194.pdf.jpg,3306,4678,Invoice row,153,1615,2717,1664
0_7194.pdf.jpg,3306,4678,Invoice row,158,1662,2720,1762
0_7194.pdf.jpg,3306,4678,Invoice row,158,1762,2722,1864
0_7194.pdf.jpg,3306,4678,Invoice row,166,1882,2715,1956
0_7194.pdf.jpg,3306,4678,Invoice row,158,1946,2707,2008
0_7194.pdf.jpg,3306,4678,Invoice row,158,2005,2712,2064
0_7194.pdf.jpg,3306,4678,Invoice row,161,2097,2720,2154
0_7194.pdf.jpg,3306,4678,Invoice row,161,2151,2720,2203
0_7194.pdf.jpg,3306,4678,Invoice row,158,2205,2715,2259
0_72-RL-20200206-GST_Invoice 20200316 101625.pdf.jpg,3306,4672,Invoice number,499,841,873,938
0_72-RL-20200206-GST_Invoice 20200316 101625.pdf.jpg,3306,4672,Invoice table,121,2227,3204,3506
0_72-RL-20200206-GST_Invoice 20200316 101625.pdf.jpg,3306,4672,Buyer details,129,1645,857,2238
0_72-RL-20200206-GST_Invoice 20200316 101625.pdf.jpg,3306,4672,Shipped details,1566,1644,2277,2240
0_72-RL-20200206-GST_Invoice 20200316 101625.pdf.jpg,3306,4672,Seller details,102,1021,1128,1578
0_72-RL-20200206-GST_Invoice 20200316 101625.pdf.jpg,3306,4672,Footer notes,125,3509,697,3699
0_72-RL-20200206-GST_Invoice 20200316 101625.pdf.jpg,3306,4672,Footer notes,125,3702,1473,3961
0_72-RL-20200206-GST_Invoice 20200316 101625.pdf.jpg,3306,4672,Footer notes,128,4037,1746,4302
0_72-RL-20200206-GST_Invoice 20200316 101625.pdf.jpg,3306,4672,Footer notes,2018,3507,2387,3566
0_72-RL-20200206-GST_Invoice 20200316 101625.pdf.jpg,3306,4672,Footer notes,2421,3502,3184,4020
0_72-RL-20200206-GST_Invoice 20200316 101625.pdf.jpg,3306,4672,Invoice date,491,941,825,1018
0_72-RL-20200206-GST_Invoice 20200316 101625.pdf.jpg,3306,4672,Invoice header,143,2238,3184,2436
0_72-RL-20200206-GST_Invoice 20200316 101625.pdf.jpg,3306,4672,Invoice row,150,2477,3181,2544
0_72-RL-20200206-GST_Invoice 20200316 101625.pdf.jpg,3306,4672,Invoice row,145,2551,3176,2667
0_72-RL-20200206-GST_Invoice 20200316 101625.pdf.jpg,3306,4672,Invoice row,145,2674,3179,2764
0_72-RL-20200206-GST_Invoice 20200316 101625.pdf.jpg,3306,4672,Invoice row,143,3405,3184,3482
0_8089.pdf.jpg,3306,4678,Seller details,685,57,2637,421
0_8089.pdf.jpg,3306,4678,Invoice number,766,713,1007,779
0_8089.pdf.jpg,3306,4678,Buyer details,168,915,1058,1315
0_8089.pdf.jpg,3306,4678,Shipped details,1550,908,2507,1315
0_8089.pdf.jpg,3306,4678,Invoice table,140,1328,2745,3038
0_8089.pdf.jpg,3306,4678,Footer notes,235,3038,1671,3103
0_8089.pdf.jpg,3306,4678,Footer notes,220,3185,2304,3741
0_8089.pdf.jpg,3306,4678,Invoice date,784,767,1063,828
0_8089.pdf.jpg,3306,4678,Invoice header,161,1341,2715,1441
0_8089.pdf.jpg,3306,4678,Invoice row,156,1451,2717,1574
0_8089.pdf.jpg,3306,4678,Invoice row,158,1590,2717,1659
0_8089.pdf.jpg,3306,4678,Invoice row,153,1664,2717,1713
0_8089.pdf.jpg,3306,4678,Invoice row,158,1715,2720,1767
0_8089.pdf.jpg,3306,4678,Invoice row,161,1810,2722,1856
0_8089.pdf.jpg,3306,4678,Invoice row,163,1856,2720,1918
0_8089.pdf.jpg,3306,4678,Invoice row,161,2918,2712,3018
0_AlliedFoodService.pdf.jpg,3311,4678,Seller details,745,10,3050,338
0_AlliedFoodService.pdf.jpg,3311,4678,Buyer details,227,454,1396,1069
0_AlliedFoodService.pdf.jpg,3311,4678,Invoice number,2514,718,2934,818
0_AlliedFoodService.pdf.jpg,3311,4678,Invoice table,204,1323,3163,3223
0_AlliedFoodService.pdf.jpg,3311,4678,Footer notes,1334,3203,2975,3315
0_AlliedFoodService.pdf.jpg,3311,4678,Footer notes,214,3464,2268,3646
0_AlliedFoodService.pdf.jpg,3311,4678,Footer notes,1814,4203,3052,4346
0_AlliedFoodService.pdf.jpg,3311,4678,Invoice date,2499,795,2837,897
0_AlliedFoodService.pdf.jpg,3311,4678,Invoice header,214,1333,3140,1451
0_AlliedFoodService.pdf.jpg,3311,4678,Invoice row,217,1603,3147,2285
0_ASIAAEROTECHNIC_SDN_BHD.pdf.jpg,3306,4676,Seller details,506,227,1891,622
0_ASIAAEROTECHNIC_SDN_BHD.pdf.jpg,3306,4676,Buyer details,161,837,884,1320
0_ASIAAEROTECHNIC_SDN_BHD.pdf.jpg,3306,4676,Invoice number,2299,753,2865,856
0_ASIAAEROTECHNIC_SDN_BHD.pdf.jpg,3306,4676,Invoice table,53,1337,3256,2599
0_ASIAAEROTECHNIC_SDN_BHD.pdf.jpg,3306,4676,Footer notes,148,3007,2460,3703
0_ASIAAEROTECHNIC_SDN_BHD.pdf.jpg,3306,4676,Footer notes,84,2596,1763,2673
0_ASIAAEROTECHNIC_SDN_BHD.pdf.jpg,3306,4676,Invoice date,2282,1131,2521,1214
0_ASIAAEROTECHNIC_SDN_BHD.pdf.jpg,3306,4676,Footer notes,1921,2583,3101,3022
0_ASIAAEROTECHNIC_SDN_BHD.pdf.jpg,3306,4676,Invoice header,115,1358,3207,1471
0_ASIAAEROTECHNIC_SDN_BHD.pdf.jpg,3306,4676,Invoice row,112,1471,3217,1566
0_Classic_Coffee.pdf.jpg,3311,4678,Seller details,868,338,2799,841
0_Classic_Coffee.pdf.jpg,3311,4678,Buyer details,160,1167,1268,1805
0_Classic_Coffee.pdf.jpg,3311,4678,Shipped details,1814,1174,2634,1800
0_Classic_Coffee.pdf.jpg,3311,4678,Invoice number,426,1856,906,1954
0_Classic_Coffee.pdf.jpg,3311,4678,Invoice date,1317,1850,1640,1964
0_Classic_Coffee.pdf.jpg,3311,4678,Invoice table,127,1954,3122,3695
0_Classic_Coffee.pdf.jpg,3311,4678,Footer notes,693,3707,1806,4008
0_Classic_Coffee.pdf.jpg,3311,4678,Footer notes,703,4100,1917,4250
0_Classic_Coffee.pdf.jpg,3311,4678,Footer notes,145,3706,434,3797
0_Classic_Coffee.pdf.jpg,3311,4678,Invoice header,148,1968,3103,2109
0_Classic_Coffee.pdf.jpg,3311,4678,Invoice row,141,2371,3103,2851
0_Classic_Coffee.pdf.jpg,3311,4678,Invoice row,137,2951,3099,3123
0_Classic_Coffee.pdf.jpg,3311,4678,Invoice row,137,3120,3103,3251
0_Classic_Coffee.pdf.jpg,3311,4678,Invoice row,141,3306,3103,3471
0_Classic_Coffee.pdf.jpg,3311,4678,Invoice row,144,3513,3106,3668
0_FIN-INV-2020-06-003.pdf.jpg,3306,4676,Seller details,507,250,1866,632
0_FIN-INV-2020-06-003.pdf.jpg,3306,4676,Buyer details,161,827,882,1319
0_FIN-INV-2020-06-003.pdf.jpg,3306,4676,Invoice number,2290,768,2960,839
0_FIN-INV-2020-06-003.pdf.jpg,3306,4676,Invoice table,48,1335,3250,2604
0_FIN-INV-2020-06-003.pdf.jpg,3306,4676,Footer notes,91,2589,1771,2671
0_FIN-INV-2020-06-003.pdf.jpg,3306,4676,Footer notes,1926,2599,3107,3019
0_FIN-INV-2020-06-003.pdf.jpg,3306,4676,Invoice date,2290,1133,2507,1214
0_FIN-INV-2020-06-003.pdf.jpg,3306,4676,Footer notes,140,3006,2451,3697
0_FIN-INV-2020-06-003.pdf.jpg,3306,4676,Invoice header,84,1358,3217,1468
0_FIN-INV-2020-06-003.pdf.jpg,3306,4676,Invoice row,84,1461,3217,1573
0_IN16271.pdf.jpg,3400,4400,Seller details,180,600,1080,1025
0_IN16271.pdf.jpg,3400,4400,Buyer details,185,1120,1148,1505
0_IN16271.pdf.jpg,3400,4400,Shipped details,1678,1115,2628,1510
0_IN16271.pdf.jpg,3400,4400,Invoice date,2895,598,3218,683
0_IN16271.pdf.jpg,3400,4400,Invoice table,185,1748,3233,2885
0_IN16271.pdf.jpg,3400,4400,Footer notes,188,2893,1393,3180
0_IN16271.pdf.jpg,3400,4400,Invoice number,2852,443,3206,551
0_IN16271.pdf.jpg,3400,4400,Invoice header,203,1765,3205,1898
0_IN16271.pdf.jpg,3400,4400,Invoice row,205,1908,3203,2125
0_IN16271.pdf.jpg,3400,4400,Invoice row,218,2253,3200,2325
0_IN16271.pdf.jpg,3400,4400,Invoice row,220,2345,3198,2438
0_IN16271.pdf.jpg,3400,4400,Invoice row,220,2463,3193,2553
0_IN16271.pdf.jpg,3400,4400,Invoice row,215,2600,3195,2685
0_IN16271.pdf.jpg,3400,4400,Invoice row,210,2730,3198,2828
0_Inv 54.pdf.jpg,3306,4672,Seller details,202,259,1094,692
0_Inv 54.pdf.jpg,3306,4672,Buyer details,204,705,1389,1118
0_Inv 54.pdf.jpg,3306,4672,Invoice number,1499,322,1768,392
0_Inv 54.pdf.jpg,3306,4672,Invoice date,2133,317,2438,397
0_Inv 54.pdf.jpg,3306,4672,Invoice table,176,1523,2830,2510
0_Inv 54.pdf.jpg,3306,4672,Footer notes,204,2505,1456,2656
0_Inv 54.pdf.jpg,3306,4672,Tax table,173,2638,2835,3062
0_Inv 54.pdf.jpg,3306,4672,Tax column,191,2646,1056,3051
0_Inv 54.pdf.jpg,3306,4672,Tax column,1079,2644,1384,3049
0_Inv 54.pdf.jpg,3306,4672,Tax column,1407,2736,1589,3046
0_Inv 54.pdf.jpg,3306,4672,Tax column,1612,2736,1930,3049
0_Inv 54.pdf.jpg,3306,4672,Tax column,1945,2744,2117,3049
0_Inv 54.pdf.jpg,3306,4672,Tax column,2135,2744,2456,3049
0_Inv 54.pdf.jpg,3306,4672,Tax column,2476,2662,2817,3044
0_Inv 54.pdf.jpg,3306,4672,Footer notes,199,3059,1825,3138
0_Inv 54.pdf.jpg,3306,4672,Footer notes,199,3176,1299,3783
0_Inv 54.pdf.jpg,3306,4672,Invoice header,199,1544,2802,1715
0_Inv 54.pdf.jpg,3306,4672,Invoice row,202,1741,2794,1818
0_Inv 54.pdf.jpg,3306,4672,Invoice row,199,1815,2797,1908
0_Inv 54.pdf.jpg,3306,4672,Invoice row,199,1933,2794,2013
0_Inv 54.pdf.jpg,3306,4672,Invoice row,202,2033,2791,2108
0_Inv 54.pdf.jpg,3306,4672,Invoice row,197,2110,2797,2185
0_Inv 54.pdf.jpg,3306,4672,Invoice row,204,2397,2797,2495
0_Inv 55.pdf.jpg,3306,4672,Seller details,200,267,1087,700
0_Inv 55.pdf.jpg,3306,4672,Buyer details,207,700,1404,1144
0_Inv 55.pdf.jpg,3306,4672,Invoice number,1480,329,1768,400
0_Inv 55.pdf.jpg,3306,4672,Invoice date,2121,308,2430,408
0_Inv 55.pdf.jpg,3306,4672,Invoice table,158,1521,2835,2715
0_Inv 55.pdf.jpg,3306,4672,Invoice header,199,1553,2795,1712
0_Inv 55.pdf.jpg,3306,4672,Invoice row,201,1743,2797,1822
0_Inv 55.pdf.jpg,3306,4672,Invoice row,199,1822,2797,1892
0_Inv 55.pdf.jpg,3306,4672,Invoice row,201,1898,2797,1967
0_Inv 55.pdf.jpg,3306,4672,Invoice row,197,1969,2797,2033
0_Inv 55.pdf.jpg,3306,4672,Invoice row,199,2080,2797,2161
0_Inv 55.pdf.jpg,3306,4672,Invoice row,191,2169,2801,2265
0_Inv 56.pdf.jpg,3306,4672,Seller details,199,254,1084,715
0_Inv 56.pdf.jpg,3306,4672,Buyer details,202,715,1397,1118
0_Inv 56.pdf.jpg,3306,4672,Invoice number,1497,315,1758,405
0_Inv 56.pdf.jpg,3306,4672,Invoice date,2124,313,2448,403
0_Inv 56.pdf.jpg,3306,4672,Invoice table,163,1518,2835,2721
0_Inv 56.pdf.jpg,3306,4672,Invoice header,199,1564,2797,1715
0_Inv 56.pdf.jpg,3306,4672,Invoice row,202,1741,2797,1874
0_Inv 56.pdf.jpg,3306,4672,Invoice row,197,1877,2799,1959
0_Inv 56.pdf.jpg,3306,4672,Invoice row,197,1959,2794,2031
0_Inv 56.pdf.jpg,3306,4672,Invoice row,199,2031,2799,2103
0_Inv 56.pdf.jpg,3306,4672,Invoice row,197,2100,2797,2169
0_Inv 56.pdf.jpg,3306,4672,Invoice row,202,2200,2802,2285
0_Inv 56.pdf.jpg,3306,4672,Invoice row,209,2303,2794,2387
0_Inv 56.pdf.jpg,3306,4672,Invoice row,197,2385,2799,2462
0_Inv 57.pdf.jpg,3306,4672,Seller details,202,254,1079,695
0_Inv 57.pdf.jpg,3306,4672,Buyer details,197,706,1384,1129
0_Inv 57.pdf.jpg,3306,4672,Invoice number,1475,323,1748,403
0_Inv 57.pdf.jpg,3306,4672,Invoice date,2120,316,2470,395
0_Inv 57.pdf.jpg,3306,4672,Invoice table,184,1523,2820,2438
0_Inv 57.pdf.jpg,3306,4672,Footer notes,204,2428,1509,2592
0_Inv 57.pdf.jpg,3306,4672,Tax table,168,2572,2827,3054
0_Inv 57.pdf.jpg,3306,4672,Footer notes,197,3059,1650,3146
0_Inv 57.pdf.jpg,3306,4672,Footer notes,207,3169,1372,3789
0_Inv 57.pdf.jpg,3306,4672,Invoice header,197,1565,2793,1710
0_Inv 57.pdf.jpg,3306,4672,Invoice row,193,1739,2799,1818
0_Inv 57.pdf.jpg,3306,4672,Invoice row,197,1820,2795,1890
0_Inv 57.pdf.jpg,3306,4672,Invoice row,197,1898,2795,1963
0_Inv 57.pdf.jpg,3306,4672,Invoice row,197,2004,2799,2080
0_Inv 57.pdf.jpg,3306,4672,Invoice row,193,2094,2799,2176
0_Inv 57.pdf.jpg,3306,4672,Invoice row,195,2173,2797,2251
0_Inv 57.pdf.jpg,3306,4672,Invoice row,209,2337,2795,2427
0_Inv 57.pdf.jpg,3306,4672,Tax header,197,2592,2795,2749
0_Inv 57.pdf.jpg,3306,4672,Tax row,201,2755,2797,2822
0_Inv 57.pdf.jpg,3306,4672,Tax row,199,2822,2803,2892
0_Inv 57.pdf.jpg,3306,4672,Tax row,199,2892,2799,2953
0_Inv 57.pdf.jpg,3306,4672,Tax row,197,2953,2801,3027
0_Inv 59.pdf.jpg,3306,4672,Seller details,209,259,1081,692
0_Inv 59.pdf.jpg,3306,4672,Buyer details,207,710,1407,1121
0_Inv 59.pdf.jpg,3306,4672,Invoice number,1502,321,1766,405
0_Inv 59.pdf.jpg,3306,4672,Invoice date,2135,326,2471,403
0_Inv 59.pdf.jpg,3306,4672,Invoice table,166,1513,2825,2574
0_Inv 59.pdf.jpg,3306,4672,Footer notes,194,2572,1581,2723
0_Inv 59.pdf.jpg,3306,4672,Tax table,161,2705,2838,3041
0_Inv 59.pdf.jpg,3306,4672,Footer notes,217,3062,2004,3146
0_Inv 59.pdf.jpg,3306,4672,Footer notes,209,3172,1297,3785
0_Inv 59.pdf.jpg,3306,4672,Invoice header,202,1556,2791,1718
0_Inv 59.pdf.jpg,3306,4672,Invoice row,197,1733,2799,1831
0_Inv 59.pdf.jpg,3306,4672,Invoice row,194,1946,2799,2026
0_Inv 59.pdf.jpg,3306,4672,Invoice row,189,2033,2802,2100
0_Inv 59.pdf.jpg,3306,4672,Invoice row,202,2456,2794,2556
0_Inv 59.pdf.jpg,3306,4672,Tax header,199,2736,2797,2879
0_Inv 59.pdf.jpg,3306,4672,Tax row,197,2885,2797,2951
0_Inv 59.pdf.jpg,3306,4672,Tax row,204,2959,2802,3031
0_Inv 60.pdf.jpg,3306,4672,Seller details,207,267,1071,697
0_Inv 60.pdf.jpg,3306,4672,Buyer details,202,710,1399,1123
0_Inv 60.pdf.jpg,3306,4672,Invoice number,1503,320,1756,400
0_Inv 60.pdf.jpg,3306,4672,Invoice date,2138,327,2473,403
0_Inv 60.pdf.jpg,3306,4672,Invoice table,179,1508,2832,2703
0_Inv 60.pdf.jpg,3306,4672,Invoice header,204,1562,2802,1715
0_Inv 60.pdf.jpg,3306,4672,Invoice row,197,1744,2797,1823
0_Inv 60.pdf.jpg,3306,4672,Invoice row,194,1826,2797,1892
0_Inv 60.pdf.jpg,3306,4672,Invoice row,197,1892,2804,1962
0_Inv 60.pdf.jpg,3306,4672,Invoice row,199,1967,2802,2031
0_Inv 60.pdf.jpg,3306,4672,Invoice row,197,2033,2797,2105
0_Inv 60.pdf.jpg,3306,4672,Invoice row,209,2151,2794,2223
0_Inv 60.pdf.jpg,3306,4672,Invoice row,197,2238,2797,2333
0_Inv 61.pdf.jpg,3306,4672,Seller details,204,256,1089,703
0_Inv 61.pdf.jpg,3306,4672,Buyer details,199,705,1407,1128
0_Inv 61.pdf.jpg,3306,4672,Invoice number,1499,323,1735,403
0_Inv 61.pdf.jpg,3306,4672,Invoice date,2145,321,2473,403
0_Inv 61.pdf.jpg,3306,4672,Invoice table,166,1518,2820,2574
0_Inv 61.pdf.jpg,3306,4672,Footer notes,194,2572,1663,2723
0_Inv 61.pdf.jpg,3306,4672,Tax table,158,2697,2832,3059
0_Inv 61.pdf.jpg,3306,4672,Footer notes,202,3067,2438,3149
0_Inv 61.pdf.jpg,3306,4672,Footer notes,207,3172,1289,3779
0_Inv 61.pdf.jpg,3306,4672,Invoice header,199,1556,2797,1713
0_Inv 61.pdf.jpg,3306,4672,Invoice row,199,1738,2797,1836
0_Inv 61.pdf.jpg,3306,4672,Invoice row,199,1959,2797,2033
0_Inv 61.pdf.jpg,3306,4672,Invoice row,189,2038,2797,2092
0_Inv 61.pdf.jpg,3306,4672,Invoice row,202,2105,2797,2192
0_Inv 61.pdf.jpg,3306,4672,Invoice row,199,2464,2799,2562
0_Inv 61.pdf.jpg,3306,4672,Tax header,199,2736,2797,2882
0_Inv 61.pdf.jpg,3306,4672,Tax row,197,2887,2802,2951
0_Inv 61.pdf.jpg,3306,4672,Tax row,197,2949,2797,3026
0_Inv No. 62.pdf.jpg,3306,4672,Seller details,199,257,1085,696
0_Inv No. 62.pdf.jpg,3306,4672,Invoice number,1504,263,1760,399
0_Inv No. 62.pdf.jpg,3306,4672,Invoice date,2140,268,2468,391
0_Inv No. 62.pdf.jpg,3306,4672,Buyer details,201,710,1390,1116
0_Inv No. 62.pdf.jpg,3306,4672,Invoice table,171,1516,2832,2705
0_Inv No. 62.pdf.jpg,3306,4672,Invoice header,204,1556,2799,1710
0_Inv No. 62.pdf.jpg,3306,4672,Invoice row,197,1746,2804,1818
0_Inv No. 62.pdf.jpg,3306,4672,Invoice row,202,1823,2799,1890
0_Inv No. 62.pdf.jpg,3306,4672,Invoice row,202,1890,2794,1967
0_Inv No. 62.pdf.jpg,3306,4672,Invoice row,199,1972,2799,2038
0_Inv No. 62.pdf.jpg,3306,4672,Invoice row,204,2079,2802,2154
0_Inv No. 62.pdf.jpg,3306,4672,Invoice row,197,2174,2797,2256
0_Inv No. 63.pdf.jpg,3306,4672,Seller details,196,255,1085,696
0_Inv No. 63.pdf.jpg,3306,4672,Buyer details,193,710,1390,1127
0_Inv No. 63.pdf.jpg,3306,4672,Invoice number,1499,321,1757,396
0_Inv No. 63.pdf.jpg,3306,4672,Invoice date,2143,327,2474,396
0_Inv No. 63.pdf.jpg,3306,4672,Invoice table,179,1516,2824,2582
0_Inv No. 63.pdf.jpg,3306,4672,Footer notes,190,2563,1926,2721
0_Inv No. 63.pdf.jpg,3306,4672,Tax table,168,2707,2840,3046
0_Inv No. 63.pdf.jpg,3306,4672,Footer notes,210,3066,2435,3146
0_Inv No. 63.pdf.jpg,3306,4672,Footer notes,204,3177,1301,3788
0_Inv No. 63.pdf.jpg,3306,4672,Invoice header,197,1561,2799,1706
0_Inv No. 63.pdf.jpg,3306,4672,Invoice row,201,1735,2795,1831
0_Inv No. 63.pdf.jpg,3306,4672,Invoice row,201,1949,2797,2022
0_Inv No. 63.pdf.jpg,3306,4672,Invoice row,201,2027,2801,2108
0_Inv No. 63.pdf.jpg,3306,4672,Invoice row,199,2471,2799,2557
0_Inv No. 63.pdf.jpg,3306,4672,Tax header,199,2731,2793,2882
0_Inv No. 63.pdf.jpg,3306,4672,Tax row,201,2882,2795,2951
0_Inv No. 63.pdf.jpg,3306,4672,Tax row,199,2951,2803,3024
0_Invoice No. 2 - AAJM.pdf.jpg,3400,4400,Seller details,347,447,2809,834
0_Invoice No. 2 - AAJM.pdf.jpg,3400,4400,Buyer details,349,872,1247,1091
0_Invoice No. 2 - AAJM.pdf.jpg,3400,4400,Invoice number,2715,881,2779,932
0_Invoice No. 2 - AAJM.pdf.jpg,3400,4400,Invoice date,2715,955,2938,1034
0_Invoice No. 2 - AAJM.pdf.jpg,3400,4400,Invoice table,341,1259,3073,3114
0_Invoice No. 2 - AAJM.pdf.jpg,3400,4400,Footer notes,387,3657,2222,3865
0_Invoice No. 2 - AAJM.pdf.jpg,3400,4400,Footer notes,2263,3086,3027,3841
0_Invoice No. 2 - AAJM.pdf.jpg,3400,4400,Invoice header,355,1280,3035,1400
0_Invoice No. 2 - AAJM.pdf.jpg,3400,4400,Invoice row,360,1413,3033,1598
0_Invoice No. 2 - AAJM.pdf.jpg,3400,4400,Invoice row,363,1610,3043,1725
0_Invoice No. 2 - AAJM.pdf.jpg,3400,4400,Invoice row,358,1735,3038,1848
0_Invoice No. 2 - AAJM.pdf.jpg,3400,4400,Invoice row,360,1858,3030,2020
0_Invoice No. 2 - AAJM.pdf.jpg,3400,4400,Invoice row,360,2033,3038,2160
0_Invoice.pdf.jpg,3306,4678,Seller details,785,275,1671,706
0_Invoice.pdf.jpg,3306,4678,Buyer details,282,678,1537,1003
0_Invoice.pdf.jpg,3306,4678,Invoice number,1754,297,1912,369
0_Invoice.pdf.jpg,3306,4678,Invoice date,2399,319,2704,406
0_Invoice.pdf.jpg,3306,4678,Invoice table,257,1389,3049,2817
0_Invoice.pdf.jpg,3306,4678,Footer notes,251,2733,1268,2894
0_Invoice.pdf.jpg,3306,4678,Tax table,221,2867,3060,3200
0_Invoice.pdf.jpg,3306,4678,Footer notes,257,3144,2165,3275
0_Invoice.pdf.jpg,3306,4678,Footer notes,254,3383,1601,3836
0_Invoice.pdf.jpg,3306,4678,Invoice header,291,1400,2943,1513
0_Invoice.pdf.jpg,3306,4678,Invoice row,291,1538,3025,1659
0_Invoice.pdf.jpg,3306,4678,Invoice row,289,1608,3020,1721
0_Invoice.pdf.jpg,3306,4678,Invoice row,284,1667,3040,1787
0_Invoice.pdf.jpg,3306,4678,Invoice row,289,1723,3030,1846
0_Invoice.pdf.jpg,3306,4678,Invoice row,286,1900,3025,2008
0_Invoice.pdf.jpg,3306,4678,Invoice row,281,1962,3027,2067
0_Invoice.pdf.jpg,3306,4678,Invoice row,289,2003,3030,2128
0_Invoice.pdf.jpg,3306,4678,Tax header,268,2874,3035,3003
0_Invoice.pdf.jpg,3306,4678,Tax row,276,2977,3015,3085
0_Invoice.pdf.jpg,3306,4678,Tax row,284,3069,3032,3190
0_Invoice.pdf.jpg,3306,4678,Tax row,276,3026,3009,3136
0_ML-June Sample 1.pdf.jpg,3311,4678,Seller details,748,8,3046,345
0_ML-June Sample 1.pdf.jpg,3311,4678,Buyer details,228,451,1387,1071
0_ML-June Sample 1.pdf.jpg,3311,4678,Invoice number,2511,723,2922,816
0_ML-June Sample 1.pdf.jpg,3311,4678,Invoice date,2511,812,2833,892
0_ML-June Sample 1.pdf.jpg,3311,4678,Invoice table,215,1315,3184,3223
0_ML-June Sample 1.pdf.jpg,3311,4678,Footer notes,1323,3192,3046,3342
0_ML-June Sample 1.pdf.jpg,3311,4678,Footer notes,203,3465,2273,3654
0_ML-June Sample 1.pdf.jpg,3311,4678,Invoice header,227,1333,3160,1454
0_ML-June Sample 1.pdf.jpg,3311,4678,Invoice row,224,1603,3165,2290
0_NOW_ON.pdf.jpg,3311,4678,Seller details,935,147,1854,532
0_NOW_ON.pdf.jpg,3311,4678,Invoice number,2715,614,3013,684
0_NOW_ON.pdf.jpg,3311,4678,Invoice date,2735,686,2991,756
0_NOW_ON.pdf.jpg,3311,4678,Buyer details,341,606,765,692
0_NOW_ON.pdf.jpg,3311,4678,Invoice table,276,1054,3099,3315
0_NOW_ON.pdf.jpg,3311,4678,Footer notes,309,3288,2028,3560
0_NOW_ON.pdf.jpg,3311,4678,Invoice header,322,1069,3078,1151
0_NOW_ON.pdf.jpg,3311,4678,Invoice row,314,1136,3081,1238
0_NOW_ON.pdf.jpg,3311,4678,Invoice row,317,1238,3081,1305
0_NOW_ON.pdf.jpg,3311,4678,Invoice row,317,1287,3068,1351
0_NOW_ON.pdf.jpg,3311,4678,Invoice row,319,1533,3052,1659
0_NOW_ON.pdf.jpg,3311,4678,Invoice row,311,1679,3052,1803
0_NOW_ON.pdf.jpg,3311,4678,Invoice row,314,3090,3088,3151
0_NOW_ON.pdf.jpg,3311,4678,Invoice row,311,3146,3083,3195
0_NOW_ON.pdf.jpg,3311,4678,Invoice row,311,3192,3081,3274
0_OFC.pdf.jpg,3306,4672,Seller details,190,246,1207,585
0_OFC.pdf.jpg,3306,4672,Buyer details,186,746,1207,1124
0_OFC.pdf.jpg,3306,4672,Invoice number,1573,313,1797,383
0_OFC.pdf.jpg,3306,4672,Invoice date,2125,307,2460,383
0_OFC.pdf.jpg,3306,4672,Buyer details,189,1295,1216,1671
0_OFC.pdf.jpg,3306,4672,Invoice table,162,1785,2760,3152
0_OFC.pdf.jpg,3306,4672,Footer notes,179,3148,1225,3285
0_OFC.pdf.jpg,3306,4672,Tax table,171,3278,2732,3661
0_OFC.pdf.jpg,3306,4672,Footer notes,188,3674,1912,3750
0_OFC.pdf.jpg,3306,4672,Footer notes,192,4167,1256,4385
0_OFC.pdf.jpg,3306,4672,Footer notes,1458,3924,2564,4152
0_OFC.pdf.jpg,3306,4672,Invoice header,194,1823,2717,1964
0_OFC.pdf.jpg,3306,4672,Invoice row,191,2021,2725,2138
0_OFC.pdf.jpg,3306,4672,Invoice row,191,2133,2722,2236
0_OFC.pdf.jpg,3306,4672,Invoice row,191,2241,2725,2321
0_OFC.pdf.jpg,3306,4672,Invoice row,197,2333,2717,2415
0_OFC.pdf.jpg,3306,4672,Invoice row,194,2421,2720,2490
0_OFC.pdf.jpg,3306,4672,Tax header,191,3297,2707,3441
0_OFC.pdf.jpg,3306,4672,Tax row,189,3438,2709,3505
0_OFC.pdf.jpg,3306,4672,Tax row,194,3500,2717,3564
0_OFC.pdf.jpg,3306,4672,Tax row,197,3569,2720,3638
1_Inv 55.pdf.jpg,3306,4672,Seller details,199,263,1093,693
1_Inv 55.pdf.jpg,3306,4672,Buyer details,199,707,1387,1132
1_Inv 55.pdf.jpg,3306,4672,Invoice table,174,1521,2821,2380
1_Inv 55.pdf.jpg,3306,4672,Footer notes,193,2371,1707,2532
1_Inv 55.pdf.jpg,3306,4672,Tax table,176,2516,2835,3046
1_Inv 55.pdf.jpg,3306,4672,Footer notes,196,3060,2065,3152
1_Inv 55.pdf.jpg,3306,4672,Footer notes,210,3168,1290,3780
1_Inv 55.pdf.jpg,3306,4672,Invoice number,1496,330,1746,393
1_Inv 55.pdf.jpg,3306,4672,Invoice date,2146,327,2443,399
1_Inv 55.pdf.jpg,3306,4672,Invoice header,197,1561,2795,1706
1_Inv 55.pdf.jpg,3306,4672,Invoice row,199,1735,2799,1831
1_Inv 55.pdf.jpg,3306,4672,Invoice row,197,2265,2801,2361
1_Inv 55.pdf.jpg,3306,4672,Tax header,201,2535,2797,2680
1_Inv 55.pdf.jpg,3306,4672,Tax row,201,2690,2799,2751
1_Inv 55.pdf.jpg,3306,4672,Tax row,199,2757,2797,2820
1_Inv 55.pdf.jpg,3306,4672,Tax row,199,2827,2799,2892
1_Inv 55.pdf.jpg,3306,4672,Tax row,197,2890,2801,2953
1_Inv 55.pdf.jpg,3306,4672,Tax row,197,2953,2799,3027
1_Inv 56.pdf.jpg,3306,4672,Seller details,192,257,1071,696
1_Inv 56.pdf.jpg,3306,4672,Buyer details,199,709,1397,1128
1_Inv 56.pdf.jpg,3306,4672,Invoice number,1499,317,1736,407
1_Inv 56.pdf.jpg,3306,4672,Invoice date,2142,324,2438,407
1_Inv 56.pdf.jpg,3306,4672,Invoice table,179,1526,2829,2313
1_Inv 56.pdf.jpg,3306,4672,Footer notes,206,2302,1671,2454
1_Inv 56.pdf.jpg,3306,4672,Tax table,173,2441,2821,3050
1_Inv 56.pdf.jpg,3306,4672,Footer notes,208,3059,2403,3148
1_Inv 56.pdf.jpg,3306,4672,Footer notes,203,3165,1306,3787
1_Inv 56.pdf.jpg,3306,4672,Invoice header,197,1561,2795,1710
1_Inv 56.pdf.jpg,3306,4672,Invoice row,197,1737,2797,1820
1_Inv 56.pdf.jpg,3306,4672,Invoice row,197,2200,2801,2294
1_Inv 56.pdf.jpg,3306,4672,Tax header,199,2459,2799,2612
1_Inv 56.pdf.jpg,3306,4672,Tax row,201,2622,2801,2688
1_Inv 56.pdf.jpg,3306,4672,Tax row,197,2696,2799,2757
1_Inv 56.pdf.jpg,3306,4672,Tax row,199,2763,2799,2820
1_Inv 56.pdf.jpg,3306,4672,Tax row,197,2827,2795,2888
1_Inv 56.pdf.jpg,3306,4672,Tax row,201,2890,2801,2955
1_Inv 56.pdf.jpg,3306,4672,Tax row,201,2957,2799,3024
1_Inv 60.pdf.jpg,3306,4672,Seller details,199,257,1090,707
1_Inv 60.pdf.jpg,3306,4672,Buyer details,201,707,1390,1118
1_Inv 60.pdf.jpg,3306,4672,Invoice number,1487,324,1749,399
1_Inv 60.pdf.jpg,3306,4672,Invoice date,2146,318,2465,402
1_Inv 60.pdf.jpg,3306,4672,Invoice table,168,1518,2821,2313
1_Inv 60.pdf.jpg,3306,4672,Footer notes,196,2299,1382,2468
1_Inv 60.pdf.jpg,3306,4672,Tax table,174,2441,2835,3041
1_Inv 60.pdf.jpg,3306,4672,Footer notes,199,3063,1707,3138
1_Inv 60.pdf.jpg,3306,4672,Footer notes,193,3157,1299,3785
1_Inv 60.pdf.jpg,3306,4672,Tax row,199,1559,2797,1706
1_Inv 60.pdf.jpg,3306,4672,Invoice row,203,1735,2799,1827
1_Inv 60.pdf.jpg,3306,4672,Invoice row,195,2196,2799,2300
1_Inv 60.pdf.jpg,3306,4672,Tax header,195,2465,2797,2616
1_Inv 60.pdf.jpg,3306,4672,Tax row,199,2620,2797,2690
1_Inv 60.pdf.jpg,3306,4672,Tax row,197,2694,2801,2751
1_Inv 60.pdf.jpg,3306,4672,Tax row,199,2757,2801,2822
1_Inv 60.pdf.jpg,3306,4672,Tax row,201,2829,2803,2890
1_Inv 60.pdf.jpg,3306,4672,Tax row,197,2890,2795,2945
1_Inv 60.pdf.jpg,3306,4672,Tax row,201,2951,2801,3029
1_Inv No. 62.pdf.jpg,3306,4672,Seller details,201,266,1076,713
1_Inv No. 62.pdf.jpg,3306,4672,Buyer details,201,713,1385,1124
1_Inv No. 62.pdf.jpg,3306,4672,Invoice number,1501,330,1743,402
1_Inv No. 62.pdf.jpg,3306,4672,Invoice date,2143,327,2468,396
1_Inv No. 62.pdf.jpg,3306,4672,Invoice table,176,1524,2818,2380
1_Inv No. 62.pdf.jpg,3306,4672,Footer notes,196,2355,1965,2535
1_Inv No. 62.pdf.jpg,3306,4672,Footer notes,215,3049,2201,3160
1_Inv No. 62.pdf.jpg,3306,4672,Footer notes,201,3171,1304,3780
1_Inv No. 62.pdf.jpg,3306,4672,Invoice header,197,1565,2793,1710
1_Inv No. 62.pdf.jpg,3306,4672,Invoice row,197,1739,2797,1827
1_Inv No. 62.pdf.jpg,3306,4672,Invoice row,201,2265,2803,2361
1_Inv No. 62.pdf.jpg,3306,4672,Tax table,181,2510,2813,3041
1_Inv No. 62.pdf.jpg,3306,4672,Tax header,201,2527,2795,2682
1_Inv No. 62.pdf.jpg,3306,4672,Tax row,195,2688,2795,2755
1_Inv No. 62.pdf.jpg,3306,4672,Tax row,199,2757,2797,2827
1_Inv No. 62.pdf.jpg,3306,4672,Tax row,197,2827,2797,2890
1_Inv No. 62.pdf.jpg,3306,4672,Tax row,199,2888,2799,2953
1_Inv No. 62.pdf.jpg,3306,4672,Tax row,199,2951,2795,3031
1_Invoice.pdf.jpg,3306,4678,Seller details,719,260,1608,662
1_Invoice.pdf.jpg,3306,4678,Buyer details,342,701,1610,1208
1_Invoice.pdf.jpg,3306,4678,Invoice number,1636,299,1962,375
1_Invoice.pdf.jpg,3306,4678,Invoice date,2277,288,2606,366
1_Invoice.pdf.jpg,3306,4678,Invoice table,316,1473,2947,3051
1_Invoice.pdf.jpg,3306,4678,Footer notes,329,3042,1865,3194
1_Invoice.pdf.jpg,3306,4678,Tax table,296,3161,2965,3444
1_Invoice.pdf.jpg,3306,4678,Footer notes,332,3417,2210,3539
1_Invoice.pdf.jpg,3306,4678,Footer notes,335,3581,1554,4122
1_Invoice.pdf.jpg,3306,4678,Footer notes,1626,3647,2935,3894
1_Invoice.pdf.jpg,3306,4678,Invoice header,340,1492,2915,1616
1_Invoice.pdf.jpg,3306,4678,Invoice row,338,1641,2921,1998
1_Invoice.pdf.jpg,3306,4678,Invoice row,340,2129,2921,2178
1_Invoice.pdf.jpg,3306,4678,Invoice row,344,2192,2919,2247
1_Invoice.pdf.jpg,3306,4678,Invoice row,334,2965,2921,3041
1_Invoice.pdf.jpg,3306,4678,Tax header,332,3190,2923,3308
1_Invoice.pdf.jpg,3306,4678,Tax row,328,3300,2928,3361
1_Invoice.pdf.jpg,3306,4678,Tax row,330,3355,2923,3418
1_ML-June Sample 1.pdf.jpg,3311,4678,Seller details,645,203,2139,564
1_ML-June Sample 1.pdf.jpg,3311,4678,Buyer details,134,817,1512,1206
1_ML-June Sample 1.pdf.jpg,3311,4678,Shipped details,1709,822,3081,1197
1_ML-June Sample 1.pdf.jpg,3311,4678,Invoice table,23,1175,3298,2406
1_ML-June Sample 1.pdf.jpg,3311,4678,Footer notes,53,3164,1642,3636
1_ML-June Sample 1.pdf.jpg,3311,4678,Invoice header,65,1277,3296,1374
1_ML-June Sample 1.pdf.jpg,3311,4678,Invoice row,42,1446,3275,1746
1_ML-June Sample 1.pdf.jpg,3311,4678,Invoice row,37,1779,3288,1956
1_ML-June Sample 1.pdf.jpg,3311,4678,Invoice row,40,2056,3281,2141
1_ML-June Sample 1.pdf.jpg,3311,4678,Invoice row,40,2146,3275,2277
2_Invoice.pdf.jpg,3306,4678,Seller details,537,178,1457,586
2_Invoice.pdf.jpg,3306,4678,Buyer details,149,561,1471,1061
2_Invoice.pdf.jpg,3306,4678,Invoice number,1735,231,2132,322
2_Invoice.pdf.jpg,3306,4678,Invoice date,2382,250,2743,328
2_Invoice.pdf.jpg,3306,4678,Invoice table,154,1361,3060,3089
2_Invoice.pdf.jpg,3306,4678,Footer notes,176,3086,2232,3169
2_Invoice.pdf.jpg,3306,4678,Tax table,160,3150,3065,3439
2_Invoice.pdf.jpg,3306,4678,Footer notes,165,3394,2815,3506
2_Invoice.pdf.jpg,3306,4678,Footer notes,160,3831,2565,4111
2_Invoice.pdf.jpg,3306,4678,Invoice header,173,1385,3027,1510
2_Invoice.pdf.jpg,3306,4678,Invoice row,179,1523,3030,1633
2_Invoice.pdf.jpg,3306,4678,Invoice row,186,1700,3038,1772
2_Invoice.pdf.jpg,3306,4678,Invoice row,179,1772,3035,1838
2_Invoice.pdf.jpg,3306,4678,Invoice row,186,1836,3032,1900
2_Invoice.pdf.jpg,3306,4678,Invoice row,189,2959,3035,3059
2_Invoice.pdf.jpg,3306,4678,Tax header,189,3164,3048,3282
2_Invoice.pdf.jpg,3306,4678,Tax row,189,3267,3053,3341
2_Invoice.pdf.jpg,3306,4678,Tax row,181,3323,3050,3408
2_ML-June Sample 1.pdf.jpg,3311,4678,Seller details,609,217,2101,597
2_ML-June Sample 1.pdf.jpg,3311,4678,Buyer details,28,844,1389,1206
2_ML-June Sample 1.pdf.jpg,3311,4678,Shipped details,1617,847,2898,1206
2_ML-June Sample 1.pdf.jpg,3311,4678,Invoice table,1,1206,3309,1981
2_ML-June Sample 1.pdf.jpg,3311,4678,Footer notes,703,2067,1951,2294
2_ML-June Sample 1.pdf.jpg,3311,4678,Footer notes,64,3189,1642,3644
2_ML-June Sample 1.pdf.jpg,3311,4678,Footer notes,1676,3503,3311,3649
2_ML-June Sample 1.pdf.jpg,3311,4678,Invoice date,2784,364,3167,442
2_ML-June Sample 1.pdf.jpg,3311,4678,Invoice number,2800,300,3088,374
2_ML-June Sample 1.pdf.jpg,3311,4678,Invoice header,29,1290,3291,1379
2_ML-June Sample 1.pdf.jpg,3311,4678,Invoice row,32,1462,3296,1679
2_ML-June Sample 1.pdf.jpg,3311,4678,Invoice row,34,1731,3296,1944
3_Invoice.pdf.jpg,3306,4678,Seller details,282,308,1393,714
3_Invoice.pdf.jpg,3306,4678,Buyer details,279,711,1557,1147
3_Invoice.pdf.jpg,3306,4678,Invoice number,1562,339,1712,419
3_Invoice.pdf.jpg,3306,4678,Invoice date,2204,331,2557,408
3_Invoice.pdf.jpg,3306,4678,Invoice table,232,1500,2882,2672
3_Invoice.pdf.jpg,3306,4678,Footer notes,243,2636,1499,2806
3_Invoice.pdf.jpg,3306,4678,Tax table,224,2775,2882,3067
3_Invoice.pdf.jpg,3306,4678,Footer notes,257,3064,2257,3161
3_Invoice.pdf.jpg,3306,4678,Footer notes,260,3281,1535,3742
3_Invoice.pdf.jpg,3306,4678,Footer notes,1532,3278,2829,3531
3_Invoice.pdf.jpg,3306,4678,Invoice header,264,1512,2866,1651
3_Invoice.pdf.jpg,3306,4678,Invoice row,250,1667,2866,1804
3_Invoice.pdf.jpg,3306,4678,Invoice row,270,1927,2870,1990
3_Invoice.pdf.jpg,3306,4678,Invoice row,270,1992,2866,2059
3_Invoice.pdf.jpg,3306,4678,Invoice row,266,2061,2864,2122
3_Invoice.pdf.jpg,3306,4678,Invoice row,264,2578,2860,2659
3_Invoice.pdf.jpg,3306,4678,Tax header,254,2810,2850,2933
3_Invoice.pdf.jpg,3306,4678,Tax row,258,2916,2852,2986
3_Invoice.pdf.jpg,3306,4678,Tax row,256,2982,2850,3047
4_Invoice.pdf.jpg,3306,4678,Seller details,303,616,1382,1216
4_Invoice.pdf.jpg,3306,4678,Buyer details,312,1247,1425,1545
4_Invoice.pdf.jpg,3306,4678,Invoice number,1632,671,1879,747
4_Invoice.pdf.jpg,3306,4678,Invoice date,2186,679,2519,747
4_Invoice.pdf.jpg,3306,4678,Invoice table,284,1627,2771,3225
4_Invoice.pdf.jpg,3306,4678,Footer notes,303,3171,2036,3316
4_Invoice.pdf.jpg,3306,4678,Tax table,292,3286,2762,3536
4_Invoice.pdf.jpg,3306,4678,Tax column,314,3297,1397,3490
4_Invoice.pdf.jpg,3306,4678,Tax column,1406,3297,1649,3492
4_Invoice.pdf.jpg,3306,4678,Tax column,1651,3342,1810,3495
4_Invoice.pdf.jpg,3306,4678,Tax column,1819,3353,2066,3499
4_Invoice.pdf.jpg,3306,4678,Tax column,2077,3358,2221,3503
4_Invoice.pdf.jpg,3306,4678,Tax column,2236,3356,2479,3499
4_Invoice.pdf.jpg,3306,4678,Tax column,2479,3306,2734,3514
4_Invoice.pdf.jpg,3306,4678,Footer notes,321,3508,2403,3601
4_Invoice.pdf.jpg,3306,4678,Footer notes,316,3797,1469,4101
4_Invoice.pdf.jpg,3306,4678,Footer notes,1527,3714,2590,3934
4_Invoice.pdf.jpg,3306,4678,Invoice header,319,1649,2738,1765
4_Invoice.pdf.jpg,3306,4678,Invoice row,317,1757,2742,1843
4_Invoice.pdf.jpg,3306,4678,Invoice row,315,1824,2742,1910
4_Invoice.pdf.jpg,3306,4678,Invoice row,309,1888,2742,1978
4_Invoice.pdf.jpg,3306,4678,Invoice row,311,2018,2738,2088
4_Invoice.pdf.jpg,3306,4678,Invoice row,309,2071,2738,2145
4_Invoice.pdf.jpg,3306,4678,Invoice row,309,2131,2740,2210
4_Invoice.pdf.jpg,3306,4678,Invoice row,307,2190,2742,2271
4_Invoice.pdf.jpg,3306,4678,Tax header,311,3298,2734,3404
4_Invoice.pdf.jpg,3306,4678,Tax row,315,3392,2742,3455
4_Invoice.pdf.jpg,3306,4678,Tax row,321,3437,2732,3520
4_Invoice.pdf.jpg,3306,4678,Invoice row,321,3129,2750,3212
4_ML-June Sample 1.pdf.jpg,3311,4678,Seller details,853,336,2803,839
4_ML-June Sample 1.pdf.jpg,3311,4678,Buyer details,167,1183,1267,1800
4_ML-June Sample 1.pdf.jpg,3311,4678,Shipped details,1817,1186,2378,1400
4_ML-June Sample 1.pdf.jpg,3311,4678,Invoice number,437,1842,884,1967
4_ML-June Sample 1.pdf.jpg,3311,4678,Invoice date,1306,1858,1626,1969
4_ML-June Sample 1.pdf.jpg,3311,4678,Invoice table,109,1950,3167,3647
4_ML-June Sample 1.pdf.jpg,3311,4678,Footer notes,684,3709,1759,4006
4_ML-June Sample 1.pdf.jpg,3311,4678,Footer notes,687,4103,1926,4250
4_ML-June Sample 1.pdf.jpg,3311,4678,Footer notes,148,3706,428,3808
4_ML-June Sample 1.pdf.jpg,3311,4678,Invoice header,134,1979,3137,2092
4_ML-June Sample 1.pdf.jpg,3311,4678,Invoice row,152,2395,3124,2869
4_ML-June Sample 1.pdf.jpg,3311,4678,Invoice row,155,2962,3119,3123
4_ML-June Sample 1.pdf.jpg,3311,4678,Invoice row,145,3141,3140,3251
4_ML-June Sample 1.pdf.jpg,3311,4678,Invoice row,147,3318,3145,3423
4_ML-June Sample 1.pdf.jpg,3311,4678,Invoice row,147,3518,3140,3633
5_ML-June Sample 1.pdf.jpg,3311,4678,Seller details,812,103,2803,397
5_ML-June Sample 1.pdf.jpg,3311,4678,Buyer details,409,572,1242,914
5_ML-June Sample 1.pdf.jpg,3311,4678,Shipped details,398,983,1245,1386
5_ML-June Sample 1.pdf.jpg,3311,4678,Invoice number,2364,428,2673,500
5_ML-June Sample 1.pdf.jpg,3311,4678,Invoice date,2189,483,2576,578
5_ML-June Sample 1.pdf.jpg,3311,4678,Invoice table,3,1427,3307,3896
5_ML-June Sample 1.pdf.jpg,3311,4678,Footer notes,76,4073,2242,4250
5_ML-June Sample 1.pdf.jpg,3311,4678,Footer notes,2615,3892,3230,4042
5_ML-June Sample 1.pdf.jpg,3311,4678,Invoice header,24,1446,3299,1592
5_ML-June Sample 1.pdf.jpg,3311,4678,Invoice row,40,1718,3288,1933
5_ML-June Sample 1.pdf.jpg,3311,4678,Invoice row,45,1995,3283,2395
5_ML-June Sample 1.pdf.jpg,3311,4678,Invoice row,42,2397,3283,2592
5_ML-June Sample 1.pdf.jpg,3311,4678,Invoice row,40,2592,3286,2931
5_ML-June Sample 1.pdf.jpg,3311,4678,Invoice row,42,2926,3281,3128
5_ML-June Sample 1.pdf.jpg,3311,4678,Invoice row,45,3123,3273,3326
5_ML-June Sample 1.pdf.jpg,3311,4678,Invoice row,40,3326,3275,3467
5_ML-June Sample 1.pdf.jpg,3311,4678,Invoice row,40,3464,3283,3672
6_ML-June Sample 1.pdf.jpg,3311,4678,Seller details,948,258,2892,603
6_ML-June Sample 1.pdf.jpg,3311,4678,Buyer details,526,878,1681,1347
6_ML-June Sample 1.pdf.jpg,3311,4678,Invoice number,2501,750,2773,858
6_ML-June Sample 1.pdf.jpg,3311,4678,Invoice date,2637,1136,2926,1231
6_ML-June Sample 1.pdf.jpg,3311,4678,Invoice table,192,1523,3134,3908
6_ML-June Sample 1.pdf.jpg,3311,4678,Invoice header,222,1554,3068,1703
6_ML-June Sample 1.pdf.jpg,3311,4678,Invoice row,222,1815,3068,2138
7_ML-June Sample 1.pdf.jpg,3311,4678,Seller details,928,153,1852,536
7_ML-June Sample 1.pdf.jpg,3311,4678,Invoice number,2724,610,3000,686
7_ML-June Sample 1.pdf.jpg,3311,4678,Invoice date,2739,678,2992,756
7_ML-June Sample 1.pdf.jpg,3311,4678,Buyer details,328,592,776,689
7_ML-June Sample 1.pdf.jpg,3311,4678,Invoice table,288,1054,3084,3288
7_ML-June Sample 1.pdf.jpg,3311,4678,Footer notes,308,3294,2024,3513
7_ML-June Sample 1.pdf.jpg,3311,4678,Invoice header,308,1071,3051,1147
7_ML-June Sample 1.pdf.jpg,3311,4678,Invoice row,312,1133,3049,1243
7_ML-June Sample 1.pdf.jpg,3311,4678,Invoice row,308,1245,3045,1298
7_ML-June Sample 1.pdf.jpg,3311,4678,Invoice row,310,1300,3051,1359
7_ML-June Sample 1.pdf.jpg,3311,4678,Invoice row,310,1535,3045,1651
7_ML-June Sample 1.pdf.jpg,3311,4678,Invoice row,316,1690,3043,1810
7_ML-June Sample 1.pdf.jpg,3311,4678,Invoice row,312,3090,3055,3157
7_ML-June Sample 1.pdf.jpg,3311,4678,Invoice row,312,3159,3061,3202
7_ML-June Sample 1.pdf.jpg,3311,4678,Invoice row,314,3202,3063,3271
8_ML-June Sample 1.pdf.jpg,3311,4678,Buyer details,351,686,1737,1272
8_ML-June Sample 1.pdf.jpg,3311,4678,Invoice number,717,533,1008,639
8_ML-June Sample 1.pdf.jpg,3311,4678,Invoice date,1287,1275,1648,1428
8_ML-June Sample 1.pdf.jpg,3311,4678,Invoice table,295,1678,3045,3281
8_ML-June Sample 1.pdf.jpg,3311,4678,Footer notes,2103,3353,3039,3711
8_ML-June Sample 1.pdf.jpg,3311,4678,Footer notes,289,3281,2048,3453
8_ML-June Sample 1.pdf.jpg,3311,4678,Invoice header,319,1697,3032,1836
8_ML-June Sample 1.pdf.jpg,3311,4678,Invoice row,324,1841,3027,2331
Invoice_128.jpg,600,600,Seller details,8,14,189,50
Invoice_128.jpg,600,600,Buyer details,18,119,134,169
Invoice_128.jpg,600,600,Shipped details,172,120,290,169
Invoice_128.jpg,600,600,Invoice table,14,173,426,252
Invoice_128.jpg,600,600,Footer notes,18,251,319,265
Invoice_128.jpg,600,600,Invoice number,350,2,397,11
Invoice_128.jpg,600,600,Invoice date,353,18,408,27
Invoice_128.jpg,600,600,Invoice header,17,176,422,192
Invoice_128.jpg,600,600,Invoice row,17,194,420,212
Invoice_128.jpg,600,600,Invoice row,18,214,422,230
Invoice_128.jpg,600,600,Invoice row,17,231,422,246
Invoice_193.jpg,600,600,Seller details,107,31,253,91
Invoice_193.jpg,600,600,Buyer details,36,99,215,120
Invoice_193.jpg,600,600,Invoice number,442,31,472,43
Invoice_193.jpg,600,600,Invoice date,444,42,504,52
Invoice_193.jpg,600,600,Invoice table,32,169,569,490
Invoice_193.jpg,600,600,Footer notes,36,490,259,508
Invoice_193.jpg,600,600,Footer notes,37,532,269,570
Invoice_193.jpg,600,600,Footer notes,300,508,510,543
Invoice_193.jpg,600,600,Invoice header,35,174,564,198
Invoice_193.jpg,600,600,Invoice row,36,199,564,218
Invoice_193.jpg,600,600,Invoice row,36,218,565,235
Invoice_193.jpg,600,600,Invoice row,37,235,565,245
Invoice_193.jpg,600,600,Invoice row,36,245,566,253
Invoice_193.jpg,600,600,Invoice row,35,253,566,263
Invoice_193.jpg,600,600,Invoice row,35,263,569,280
Invoice_193.jpg,600,600,Invoice row,37,280,564,291
Invoice_193.jpg,600,600,Invoice row,36,294,564,305
Invoice_193.jpg,600,600,Invoice row,36,307,563,316
Invoice_193.jpg,600,600,Invoice row,37,317,564,326
Invoice_193.jpg,600,600,Invoice row,36,327,565,335
Invoice_193.jpg,600,600,Invoice row,36,336,565,345
Invoice_193.jpg,600,600,Invoice row,36,345,563,353
Invoice_193.jpg,600,600,Invoice row,36,353,563,363
Invoice_193.jpg,600,600,Invoice row,36,363,563,372
Invoice_193.jpg,600,600,Invoice row,36,372,563,384
Invoice_193.jpg,600,600,Invoice row,36,476,564,489
